"Empresa:","","","ITASUL TRANSPORTE E LOGISTICA LTDA","","","","","","","Folha:","","","0003",""
"C.N.P.J.:","","","42.497.558/0001-74","","","","","","","Número livro:","","","0004",""
"","","","","","","","","","","","","","",""
"DEMONSTRAÇÃO DO RESULTADO DO EXERCÍCIO EM 31/12/2024","","","","","","","","","","","","","",""
"","","","","","","","","","","","","","",""
"Descrição","","","","","","","","","","","Saldo Atual","","",""
"RECEITA BRUTA","","","","","","","","","","","5,174,460.90","","",""
"","","PRESTACAO DE SERVICOS","","","","","","","","","5,174,460.90","","",""
"DEDUÇÕES","","","","","","","","","","","(696,536.75)","","",""
"","","(-) COFINS","","","","","","","","","(56,877.74)","","",""
"","","(-) ICMS","","","","","","","","","(620,935.31)","","",""
"","","(-) PIS","","","","","","","","","(18,723.70)","","",""
"RECEITA LÍQUIDA","","","","","","","","","","","4,477,924.15","","",""
"","","                                        ","","","","","","","","","","","",""
"CMV","","","","","","","","","","","(3,784,869.09)","","",""
"","","COMBUSTIVEL UTILIZADO","","","","","","","","","(4,327,816.15)","","",""
"","","(-) COFINS S/MATERIAL DE CONSUMIDO","","","","","","","","","36,168.02","","",""
"","","(-) PIS/MATERIAL DE CONSUMIDO","","","","","","","","","7,852.27","","",""
"","","(-) ICMS S/MATERIAL CONSUMIDO","","","","","","","","","794,608.24","","",""
"","","MANUTENCAO DO BEM UTILIZADO","","","","","","","","","(295,681.47)","","",""
"LUCRO BRUTO","","","","","","","","","","","693,055.06","","",""
"","","                                        ","","","","","","","","","","","",""
"DESPESAS OPERACIONAIS","","","","","","","","","","","693,055.06","","",""
"","","                                        ","","","","","","","","","","","",""
"DESPESAS COM VENDAS","","","","","","","","","","","(77,085.01)","","",""
"","","GRATIFICACAO","","","","","","","","","(87.81)","","",""
"","","FRETES E CARRETOS","","","","","","","","","(76,997.20)","","",""
"DESPESA COM PESSOAL","","","","","","","","","","","(17,982.12)","","",""
"","","PLANO DE SAUDE","","","","","","","","","(1,523.93)","","",""
"","","RESCISAO","","","","","","","","","(7,317.19)","","",""
"","","SALARIOS","","","","","","","","","(5,883.00)","","",""
"","","UNIFORMES","","","","","","","","","(3,258.00)","","",""
"DESPESAS ADMINISTRATIVAS","","","","","","","","","","","(835,782.06)","","",""
"","","COMBUSTIVEL E LUBRIFICANTE","","","","","","","","","(8,306.11)","","",""
"","","DEPRECIACAO","","","","","","","","","(76.37)","","",""
"","","DEPRECIACAO COMPUTADORES E PERIFERICOS","","","","","","","","","(569.76)","","",""
"","","DEPRECIACAO VEICULOS","","","","","","","","","(301,334.42)","","",""
"","","DESPESAS C/ ALIMENTACAO","","","","","","","","","(55.72)","","",""
"","","DESPESAS C/ VEICULOS","","","","","","","","","(39,683.18)","","",""
"","","DESPESAS COM CARTAO DE CREDITO","","","","","","","","","(68,340.16)","","",""
"","","DESPESAS DIVERSAS","","","","","","","","","(3,535.41)","","",""
"","","FRETES","","","","","","","","","(301,313.17)","","",""
"","","MATERIAL USO E CONSUMO","","","","","","","","","(49,817.03)","","",""
"","","PEDAGIO ","","","","","","","","","(15,745.31)","","",""
"","","SEGUROS","","","","","","","","","(16,952.76)","","",""
"","","SERVICOS CONTABILIDADE","","","","","","","","","(12,958.00)","","",""
"","","SERVICOS PRESTADOS PJ","","","","","","","","","(9,196.00)","","",""
"","","SISTEMAS","","","","","","","","","(2,232.43)","","",""
"","","TAXAS E REGISTROS","","","","","","","","","(5,000.00)","","",""
"","","TELEFONES","","","","","","","","","(666.23)","","",""
"DESPESAS TRIBUTÁRIAS","","","","","","","","","","","(3,834.20)","","",""
"","","CONTRIBUICAO SINDICAL","","","","","","","","","(64.51)","","",""
"","","FGTS","","","","","","","","","(477.65)","","",""
"","","FGTS RESCISORIO","","","","","","","","","(879.83)","","",""
"","","INSS EMPRESA","","","","","","","","","(2,412.21)","","",""
"RECEITAS FINANCEIRAS","","","","","","","","","","","1,888.92","","",""
"","","DESCONTO OBTIDO","","","","","","","","","1,500.00","","",""
"","","RENDIMENTO APLICACAO FINANCEIRA","","","","","","","","","388.92","","",""
"DESPESAS FINANCEIRAS","","","","","","","","","","","(4,634.82)","","",""
"","","DESPESA BANCARIA","","","","","","","","","(1,323.24)","","",""
"","","JUROS PASSIVOS","","","","","","","","","(777.10)","","",""
"","","MULTAS","","","","","","","","","(2,534.48)","","",""
"RESULTADO OPERACIONAL","","","","","","","","","","","(244,374.23)","","",""
"","","                                        ","","","","","","","","","","","",""
"RESULTADO ANTES DO IR E CSSL","","","","","","","","","","","(244,374.23)","","",""
"","","                                        ","","","","","","","","","","","",""
"PREJUÍZO DO EXERCÍCIO","","","","","","","","","","","(244,374.23)","","",""
"","","","","","","","","","","","","","",""
"","
_______________________________________
BETANIA DOS SANTOS MACEDO
ADMINISTRADOR
CPF: 094.728.217-31","","","","
_______________________________________
UPGRADE CONTABILIDADE LTDA
Reg. no CRC - ES sob o No. 005420/O-5
CNPJ:37.166.419/0001-28","","","","","","","","",""
"","","","","","","","","","","","","","",""
"Sistema licenciado para UPGRADE CONTABILIDADE LTDA","","","","","","","","","","","","","",""
